reference,edition_id,sender_id,sender,receiver_id,receiver,date,place_id,place
https://edition-humboldt.de/H0002655,#AVHR,http://d-nb.info/gnd/118554700,Alexander von Humboldt,http://d-nb.info/gnd/118805193,Samuel Thomas von Soemmerring,1793-12-05,http://sws.geonames.org/6556797,Berg
https://edition-humboldt.de/H0002730,#AVHR,http://d-nb.info/gnd/118554700,Alexander von Humboldt,http://d-nb.info/gnd/118805193,Samuel Thomas von Soemmerring,1794-02-06,http://sws.geonames.org/2951825,Bayreuth
https://edition-humboldt.de/H0002729,#AVHR,http://d-nb.info/gnd/118554700,Alexander von Humboldt,http://d-nb.info/gnd/118805193,Samuel Thomas von Soemmerring,1795-06-07,http://sws.geonames.org/2951825,Bayreuth
https://edition-humboldt.de/H0002657,#AVHR,http://d-nb.info/gnd/118554700,Alexander von Humboldt,http://d-nb.info/gnd/118805193,Samuel Thomas von Soemmerring,1795-06-29,http://sws.geonames.org/2919290,Goldkronach
https://edition-humboldt.de/H0001183,#AVHR,http://d-nb.info/gnd/118554700,Alexander von Humboldt,http://d-nb.info/gnd/117387436,Karl Ludwig Willdenow,1795-07-17,http://sws.geonames.org/2951825,Bayreuth
https://edition-humboldt.de/H0002658,#AVHR,http://d-nb.info/gnd/118554700,Alexander von Humboldt,http://d-nb.info/gnd/118805193,Samuel Thomas von Soemmerring,1796-02-07,http://sws.geonames.org/2951825,Bayreuth
https://edition-humboldt.de/H0002727,#AVHR,http://d-nb.info/gnd/118554700,Alexander von Humboldt,http://d-nb.info/gnd/118805193,Samuel Thomas von Soemmerring,1796-04-09,,
https://edition-humboldt.de/H0001182,#AVHR,http://d-nb.info/gnd/118554700,Alexander von Humboldt,http://d-nb.info/gnd/118805193,Samuel Thomas von Soemmerring,1796-05-01,http://sws.geonames.org/2951825,Bayreuth
https://edition-humboldt.de/H0008511,#AVHR,http://d-nb.info/gnd/118554700,Alexander von Humboldt,http://d-nb.info/gnd/118805193,Samuel Thomas von Soemmerring,1796-05-08,http://sws.geonames.org/2951825,Bayreuth
https://edition-humboldt.de/H0001199,#AVHR,http://d-nb.info/gnd/118554700,Alexander von Humboldt,http://d-nb.info/gnd/117387436,Karl Ludwig Willdenow,1796-12-20,http://sws.geonames.org/2951825,Bayreuth
https://edition-humboldt.de/H0001181,#AVHR,http://d-nb.info/gnd/118554700,Alexander von Humboldt,http://d-nb.info/gnd/117387436,Karl Ludwig Willdenow,1801-02-21,http://sws.geonames.org/3553478,Havanna
https://edition-humboldt.de/H0006053,#AVHR,http://d-nb.info/gnd/118554700,Alexander von Humboldt,http://d-nb.info/gnd/117387436,Karl Ludwig Willdenow,1801-03-04,http://sws.geonames.org/3553478,Havanna
https://edition-humboldt.de/H0006056,#AVHR,http://d-nb.info/gnd/118554700,Alexander von Humboldt,http://d-nb.info/gnd/117387436,Karl Ludwig Willdenow,1803-04-29,http://sws.geonames.org/3996063,Mexiko
https://edition-humboldt.de/H0006509,#AVHR,http://d-nb.info/gnd/118554700,Alexander von Humboldt,http://d-nb.info/gnd/117387436,Karl Ludwig Willdenow,1805-02-01,http://sws.geonames.org/2988507,
https://edition-humboldt.de/H0020386,#AVHR,http://d-nb.info/gnd/118554700,Alexander von Humboldt,http://d-nb.info/gnd/116061146,Dietrich Ludwig Gustav Karsten,1805-09-10,http://sws.geonames.org/3169070,
https://edition-humboldt.de/H0006055,#AVHR,http://d-nb.info/gnd/118554700,Alexander von Humboldt,http://d-nb.info/gnd/117387436,Karl Ludwig Willdenow,1810-05-17,http://sws.geonames.org/2988507,
https://edition-humboldt.de/H0006054,#AVHR,http://d-nb.info/gnd/118661604,Aimé Bonpland,http://d-nb.info/gnd/117387436,Karl Ludwig Willdenow,1811-10-10,http://sws.geonames.org/2988507,
https://edition-humboldt.de/H0015058,#AVHR,http://d-nb.info/gnd/118554700,Alexander von Humboldt,http://d-nb.info/gnd/115674667,Carl Sigismund Kunth,1813-04-27,http://sws.geonames.org/2988507,
https://edition-humboldt.de/H0014746,#AVHR,http://d-nb.info/gnd/118554700,Alexander von Humboldt,http://d-nb.info/gnd/115674667,Carl Sigismund Kunth,1817-11-11,http://sws.geonames.org/2643743,London
https://edition-humboldt.de/H0016726,#AVHR,http://d-nb.info/gnd/118554700,Alexander von Humboldt,http://d-nb.info/gnd/118529250,Christian Gottfried Ehrenberg,1820-04-15,http://sws.geonames.org/2988507,
https://edition-humboldt.de/H0014540,#AVHR,http://d-nb.info/gnd/116652292,Aylmer Bourke Lambert,http://d-nb.info/gnd/118554700,Alexander von Humboldt,1820-11-14,http://sws.geonames.org/2643743,London
https://edition-humboldt.de/H0000699,#AVHR,http://d-nb.info/gnd/117662933,George Arnott Walker-Arnott,http://d-nb.info/gnd/118554700,Alexander von Humboldt,1822-03-14,http://sws.geonames.org/2650225,Edinburgh
https://edition-humboldt.de/H0006050,#AVHR,http://d-nb.info/gnd/117662933,George Arnott Walker-Arnott,http://d-nb.info/gnd/118554700,Alexander von Humboldt,1825-03-15,http://sws.geonames.org/2988507,
https://edition-humboldt.de/H0017851,#AVHR,http://d-nb.info/gnd/118554700,Alexander von Humboldt,http://d-nb.info/gnd/118750321,Johann Moritz Rugendas,1825-10-22,http://sws.geonames.org/2988507,
https://edition-humboldt.de/H0017853,#AVHR,http://d-nb.info/gnd/118750321,Johann Moritz Rugendas,http://d-nb.info/gnd/118554700,Alexander von Humboldt,1825-12-12,http://sws.geonames.org/2954172,Augsburg
https://edition-humboldt.de/H0017856,#AVHR,http://d-nb.info/gnd/118750321,Johann Moritz Rugendas,http://d-nb.info/gnd/118554700,Alexander von Humboldt,1826-01-20,http://sws.geonames.org/2954172,Augsburg
https://edition-humboldt.de/H0017855,#AVHR,http://d-nb.info/gnd/118554700,Alexander von Humboldt,http://d-nb.info/gnd/118750321,Johann Moritz Rugendas,1826-02-01,http://sws.geonames.org/2988507,
https://edition-humboldt.de/H0017854,#AVHR,http://d-nb.info/gnd/118750321,Johann Moritz Rugendas,http://d-nb.info/gnd/118554700,Alexander von Humboldt,1826-03-20,http://sws.geonames.org/2954172,Augsburg
https://edition-humboldt.de/H0002728,#AVHR,http://d-nb.info/gnd/118554700,Alexander von Humboldt,http://d-nb.info/gnd/118805193,Samuel Thomas von Soemmerring,1826-12-17,,
https://edition-humboldt.de/H0019727,#AVHR,http://d-nb.info/gnd/118554700,Alexander von Humboldt,http://d-nb.info/gnd/118750321,Johann Moritz Rugendas,1827-04-11,http://sws.geonames.org/2988507,
https://edition-humboldt.de/H0002923,#AVHR,http://d-nb.info/gnd/118554700,Alexander von Humboldt,http://d-nb.info/gnd/115674667,Carl Sigismund Kunth,1827-07-17,http://sws.geonames.org/2950159,
https://edition-humboldt.de/H0016738,#AVHR,http://d-nb.info/gnd/118554700,Alexander von Humboldt,http://d-nb.info/gnd/118529250,Christian Gottfried Ehrenberg,1828-04-17,http://sws.geonames.org/2950159,
https://edition-humboldt.de/H0016544,#AVHR,http://d-nb.info/gnd/118529250,Christian Gottfried Ehrenberg,http://d-nb.info/gnd/118554700,Alexander von Humboldt,1828-04-19,http://sws.geonames.org/2950159,
https://edition-humboldt.de/H0016733,#AVHR,http://d-nb.info/gnd/118554700,Alexander von Humboldt,http://d-nb.info/gnd/118529250,Christian Gottfried Ehrenberg,1828-07-14,http://sws.geonames.org/2950159,
https://edition-humboldt.de/H0015158,#AVHR,http://d-nb.info/gnd/118554700,Alexander von Humboldt,http://d-nb.info/gnd/115674667,Carl Sigismund Kunth,1828-09-01,http://sws.geonames.org/2950159,
https://edition-humboldt.de/H0016752,#AVHR,http://d-nb.info/gnd/118554700,Alexander von Humboldt,http://d-nb.info/gnd/118529250,Christian Gottfried Ehrenberg,1828-09-23,http://sws.geonames.org/2950159,
https://edition-humboldt.de/H0016734,#AVHR,http://d-nb.info/gnd/118554700,Alexander von Humboldt,http://d-nb.info/gnd/118529250,Christian Gottfried Ehrenberg,1829-02-20,http://sws.geonames.org/2950159,
https://edition-humboldt.de/H0019721,#AVHR,http://d-nb.info/gnd/118750321,Johann Moritz Rugendas,http://d-nb.info/gnd/118554700,Alexander von Humboldt,1829-02-20,http://sws.geonames.org/3169070,
https://edition-humboldt.de/H0016736,#AVHR,http://d-nb.info/gnd/118554700,Alexander von Humboldt,http://d-nb.info/gnd/118529250,Christian Gottfried Ehrenberg,1829-02-23,http://sws.geonames.org/2950159,
https://edition-humboldt.de/H0002654,#AVHR,http://d-nb.info/gnd/118554700,Alexander von Humboldt,http://d-nb.info/gnd/118966243,Karl Christian Gmelin,1829-03-03,http://sws.geonames.org/2950159,
https://edition-humboldt.de/H0002242,#AVHR,http://d-nb.info/gnd/118554700,Alexander von Humboldt,http://d-nb.info/gnd/116962437,Franz Julius Ferdinand Meyen,1829-03-11,http://sws.geonames.org/2950159,
https://edition-humboldt.de/H0019579,#AVHR,http://d-nb.info/gnd/118554700,Alexander von Humboldt,http://d-nb.info/gnd/118750321,Johann Moritz Rugendas,1829-03-23,http://sws.geonames.org/2950159,
https://edition-humboldt.de/H0016743,#AVHR,http://d-nb.info/gnd/118554700,Alexander von Humboldt,http://d-nb.info/gnd/118529250,Christian Gottfried Ehrenberg,1829-03-25,http://sws.geonames.org/2950159,
https://edition-humboldt.de/H0019580,#AVHR,http://d-nb.info/gnd/118554700,Alexander von Humboldt,http://d-nb.info/gnd/118750321,Johann Moritz Rugendas,1829-04-03,http://sws.geonames.org/2950159,
https://edition-humboldt.de/H0016739,#AVHR,http://d-nb.info/gnd/118554700,Alexander von Humboldt,http://d-nb.info/gnd/118529250,Christian Gottfried Ehrenberg,1829-04-12,http://sws.geonames.org/2950159,
https://edition-humboldt.de/H0019138,#AVHR,http://d-nb.info/gnd/118554700,Alexander von Humboldt,http://d-nb.info/gnd/1283497972,Adolphe Graf von Polier,1829-04-18,http://sws.geonames.org/535730,Lesnoi
https://edition-humboldt.de/H0019136,#AVHR,http://d-nb.info/gnd/118554700,Alexander von Humboldt,http://d-nb.info/gnd/1283497972,Adolphe Graf von Polier,1829-09-14,http://sws.geonames.org/1498894,Miass (Stadt)
https://edition-humboldt.de/H0019134,#AVHR,http://d-nb.info/gnd/118554700,Alexander von Humboldt,http://d-nb.info/gnd/1283497972,Adolphe Graf von Polier,1829-11-27,http://sws.geonames.org/524901,Moskau
https://edition-humboldt.de/H0016749,#AVHR,http://d-nb.info/gnd/118554700,Alexander von Humboldt,http://d-nb.info/gnd/118529250,Christian Gottfried Ehrenberg,1830-02-08,http://sws.geonames.org/2950159,
https://edition-humboldt.de/H0019137,#AVHR,http://d-nb.info/gnd/118554700,Alexander von Humboldt,http://d-nb.info/gnd/1283497972,Adolphe Graf von Polier,1830-02-26,http://sws.geonames.org/2950159,
https://edition-humboldt.de/H0019581,#AVHR,http://d-nb.info/gnd/118554700,Alexander von Humboldt,http://d-nb.info/gnd/118750321,Johann Moritz Rugendas,1830-03-08,http://sws.geonames.org/2950159,
https://edition-humboldt.de/H0002651,#AVHR,http://d-nb.info/gnd/118554700,Alexander von Humboldt,http://d-nb.info/gnd/116962437,Franz Julius Ferdinand Meyen,1830-05-14,http://sws.geonames.org/2950159,
https://edition-humboldt.de/H0019582,#AVHR,http://d-nb.info/gnd/118554700,Alexander von Humboldt,http://d-nb.info/gnd/118750321,Johann Moritz Rugendas,1830-06-15,http://sws.geonames.org/3096569,Fischbach
https://edition-humboldt.de/H0019583,#AVHR,http://d-nb.info/gnd/118554700,Alexander von Humboldt,http://d-nb.info/gnd/118750321,Johann Moritz Rugendas,1830-06-29,,
https://edition-humboldt.de/H0019717,#AVHR,http://d-nb.info/gnd/118554700,Alexander von Humboldt,http://d-nb.info/gnd/118607782,Karl Friedrich Schinkel,1830-07-12,http://sws.geonames.org/2852458,Potsdam
https://edition-humboldt.de/H0019585,#AVHR,http://d-nb.info/gnd/118554700,Alexander von Humboldt,http://d-nb.info/gnd/118750321,Johann Moritz Rugendas,1830-12-15,http://sws.geonames.org/2988507,
https://edition-humboldt.de/H0019586,#AVHR,http://d-nb.info/gnd/118554700,Alexander von Humboldt,http://d-nb.info/gnd/118750321,Johann Moritz Rugendas,1831-01-06,http://sws.geonames.org/2988507,
https://edition-humboldt.de/H0019587,#AVHR,http://d-nb.info/gnd/118554700,Alexander von Humboldt,http://d-nb.info/gnd/118750321,Johann Moritz Rugendas,1831-03-30,http://sws.geonames.org/2988507,
https://edition-humboldt.de/H0019726,#AVHR,http://d-nb.info/gnd/118554700,Alexander von Humboldt,http://d-nb.info/gnd/118750321,Johann Moritz Rugendas,1831-04-23,http://sws.geonames.org/2988507,
https://edition-humboldt.de/H0019578,#AVHR,http://d-nb.info/gnd/118554700,Alexander von Humboldt,http://d-nb.info/gnd/118750321,Johann Moritz Rugendas,1831-04-23,http://sws.geonames.org/2988507,
https://edition-humboldt.de/H0016759,#AVHR,http://d-nb.info/gnd/118554700,Alexander von Humboldt,http://d-nb.info/gnd/118529250,Christian Gottfried Ehrenberg,1831-06-10,http://sws.geonames.org/2988507,
https://edition-humboldt.de/H0016757,#AVHR,http://d-nb.info/gnd/118554700,Alexander von Humboldt,http://d-nb.info/gnd/118529250,Christian Gottfried Ehrenberg,1831-12-19,http://sws.geonames.org/2988507,
https://edition-humboldt.de/H0016758,#AVHR,http://d-nb.info/gnd/118554700,Alexander von Humboldt,http://d-nb.info/gnd/118529250,Christian Gottfried Ehrenberg,1832-01-02,http://sws.geonames.org/2988507,
https://edition-humboldt.de/H0016524,#AVHR,http://d-nb.info/gnd/118529250,Christian Gottfried Ehrenberg,http://d-nb.info/gnd/118554700,Alexander von Humboldt,1832-04-05,http://sws.geonames.org/2950159,
https://edition-humboldt.de/H0002734,#AVHR,http://d-nb.info/gnd/118554700,Alexander von Humboldt,http://d-nb.info/gnd/115674667,Carl Sigismund Kunth,1832-10-26,http://sws.geonames.org/2950159,
https://edition-humboldt.de/H0014526,#AVHR,http://d-nb.info/gnd/118554700,Alexander von Humboldt,http://d-nb.info/gnd/115674667,Carl Sigismund Kunth,1832-10-30,http://sws.geonames.org/2950159,
https://edition-humboldt.de/H0016422,#AVHR,http://d-nb.info/gnd/115674667,Carl Sigismund Kunth,http://d-nb.info/gnd/118554700,Alexander von Humboldt,1833-03-26,http://sws.geonames.org/2950159,
https://edition-humboldt.de/H0015274,#AVHR,http://d-nb.info/gnd/118554700,Alexander von Humboldt,http://d-nb.info/gnd/115674667,Carl Sigismund Kunth,1833-03-26,http://sws.geonames.org/2950159,
https://edition-humboldt.de/H0016539,#AVHR,http://d-nb.info/gnd/118529250,Christian Gottfried Ehrenberg,http://d-nb.info/gnd/118554700,Alexander von Humboldt,1833-03-26,http://sws.geonames.org/2950159,
https://edition-humboldt.de/H0016639,#AVHR,http://d-nb.info/gnd/118554700,Alexander von Humboldt,http://d-nb.info/gnd/118529250,Christian Gottfried Ehrenberg,1833-05-10,http://sws.geonames.org/2950159,
https://edition-humboldt.de/H0006177,#AVHR,http://d-nb.info/gnd/118554700,Alexander von Humboldt,http://d-nb.info/gnd/116962437,Franz Julius Ferdinand Meyen,1833-07-08,http://sws.geonames.org/2950159,
https://edition-humboldt.de/H0006047,#AVHR,http://d-nb.info/gnd/118554700,Alexander von Humboldt,http://d-nb.info/gnd/115674667,Carl Sigismund Kunth,1833-07-08,http://sws.geonames.org/2950159,
https://edition-humboldt.de/H0016762,#AVHR,http://d-nb.info/gnd/118554700,Alexander von Humboldt,http://d-nb.info/gnd/118529250,Christian Gottfried Ehrenberg,1833-08-05,http://sws.geonames.org/2950159,
https://edition-humboldt.de/H0016761,#AVHR,http://d-nb.info/gnd/118554700,Alexander von Humboldt,http://d-nb.info/gnd/118529250,Christian Gottfried Ehrenberg,1833-08-15,http://sws.geonames.org/3064288,Teplitz
https://edition-humboldt.de/H0016763,#AVHR,http://d-nb.info/gnd/118554700,Alexander von Humboldt,http://d-nb.info/gnd/118529250,Christian Gottfried Ehrenberg,1833-08-20,http://sws.geonames.org/2950159,
https://edition-humboldt.de/H0016765,#AVHR,http://d-nb.info/gnd/118554700,Alexander von Humboldt,http://d-nb.info/gnd/118529250,Christian Gottfried Ehrenberg,1833-09-14,http://sws.geonames.org/2950159,
https://edition-humboldt.de/H0016784,#AVHR,http://d-nb.info/gnd/118554700,Alexander von Humboldt,http://d-nb.info/gnd/118529250,Christian Gottfried Ehrenberg,1834-03-11,http://sws.geonames.org/2950159,
https://edition-humboldt.de/H0005735,#AVHR,http://d-nb.info/gnd/118554700,Alexander von Humboldt,http://d-nb.info/gnd/115674667,Carl Sigismund Kunth,1834-05-16,http://sws.geonames.org/2950159,
https://edition-humboldt.de/H0016780,#AVHR,http://d-nb.info/gnd/118554700,Alexander von Humboldt,http://d-nb.info/gnd/118529250,Christian Gottfried Ehrenberg,1834-05-24,http://sws.geonames.org/2950159,
https://edition-humboldt.de/H0016782,#AVHR,http://d-nb.info/gnd/118554700,Alexander von Humboldt,http://d-nb.info/gnd/118529250,Christian Gottfried Ehrenberg,1835-06-25,http://sws.geonames.org/2950159,
https://edition-humboldt.de/H0016627,#AVHR,http://d-nb.info/gnd/118554700,Alexander von Humboldt,http://d-nb.info/gnd/118529250,Christian Gottfried Ehrenberg,1835-09-17,http://sws.geonames.org/2988507,
https://edition-humboldt.de/H0001224,#AVHR,http://d-nb.info/gnd/118554700,Alexander von Humboldt,http://d-nb.info/gnd/116962437,Franz Julius Ferdinand Meyen,1836-01-24,http://sws.geonames.org/2950159,
https://edition-humboldt.de/H0016647,#AVHR,http://d-nb.info/gnd/118554700,Alexander von Humboldt,http://d-nb.info/gnd/118529250,Christian Gottfried Ehrenberg,1836-03-22,http://sws.geonames.org/2950159,
https://edition-humboldt.de/H0016642,#AVHR,http://d-nb.info/gnd/118554700,Alexander von Humboldt,http://d-nb.info/gnd/118529250,Christian Gottfried Ehrenberg,1836-04-30,http://sws.geonames.org/2950159,
https://edition-humboldt.de/H0016643,#AVHR,http://d-nb.info/gnd/118554700,Alexander von Humboldt,http://d-nb.info/gnd/118529250,Christian Gottfried Ehrenberg,1836-04-30,http://sws.geonames.org/2950159,
https://edition-humboldt.de/H0016644,#AVHR,http://d-nb.info/gnd/118554700,Alexander von Humboldt,http://d-nb.info/gnd/118529250,Christian Gottfried Ehrenberg,1836-04-30,http://sws.geonames.org/2950159,
https://edition-humboldt.de/H0016646,#AVHR,http://d-nb.info/gnd/118554700,Alexander von Humboldt,http://d-nb.info/gnd/118529250,Christian Gottfried Ehrenberg,1836-04-30,http://sws.geonames.org/2950159,
https://edition-humboldt.de/H0016651,#AVHR,http://d-nb.info/gnd/118554700,Alexander von Humboldt,http://d-nb.info/gnd/118529250,Christian Gottfried Ehrenberg,1836-04-30,http://sws.geonames.org/2950159,
https://edition-humboldt.de/H0016641,#AVHR,http://d-nb.info/gnd/118554700,Alexander von Humboldt,http://d-nb.info/gnd/118529250,Christian Gottfried Ehrenberg,1836-07-28,http://sws.geonames.org/3064288,Teplitz
https://edition-humboldt.de/H0016664,#AVHR,http://d-nb.info/gnd/118554700,Alexander von Humboldt,http://d-nb.info/gnd/118529250,Christian Gottfried Ehrenberg,1837-06-15,http://sws.geonames.org/2950159,
https://edition-humboldt.de/H0002650,#AVHR,http://d-nb.info/gnd/118554700,Alexander von Humboldt,http://d-nb.info/gnd/116962437,Franz Julius Ferdinand Meyen,1837-07-22,http://sws.geonames.org/3064288,Teplitz
https://edition-humboldt.de/H0016545,#AVHR,http://d-nb.info/gnd/118529250,Christian Gottfried Ehrenberg,http://d-nb.info/gnd/118554700,Alexander von Humboldt,1837-09-09,http://sws.geonames.org/2950159,
https://edition-humboldt.de/H0016566,#AVHR,http://d-nb.info/gnd/118529250,Christian Gottfried Ehrenberg,http://d-nb.info/gnd/118554700,Alexander von Humboldt,1838-02-25,http://sws.geonames.org/2950159,
https://edition-humboldt.de/H0019592,#AVHR,http://d-nb.info/gnd/118759086,Sir Robert Hermann Schomburgk,http://d-nb.info/gnd/118554700,Alexander von Humboldt,1838-06-13,http://sws.geonames.org/3376428,Pirara
https://edition-humboldt.de/H0016667,#AVHR,http://d-nb.info/gnd/118554700,Alexander von Humboldt,http://d-nb.info/gnd/118529250,Christian Gottfried Ehrenberg,1838-07-20,http://sws.geonames.org/3064288,Teplitz
https://edition-humboldt.de/H0016668,#AVHR,http://d-nb.info/gnd/118554700,Alexander von Humboldt,http://d-nb.info/gnd/118529250,Christian Gottfried Ehrenberg,1838-07-24,http://sws.geonames.org/2950159,
https://edition-humboldt.de/H0019591,#AVHR,http://d-nb.info/gnd/118759086,Sir Robert Hermann Schomburgk,http://d-nb.info/gnd/118554700,Alexander von Humboldt,1838-11-17,http://edition-humboldt.de/H0020293,Uruparu
https://edition-humboldt.de/H0016546,#AVHR,http://d-nb.info/gnd/118529250,Christian Gottfried Ehrenberg,http://d-nb.info/gnd/118554700,Alexander von Humboldt,1839-02-20,http://sws.geonames.org/2950159,
https://edition-humboldt.de/H0000006,#AVHR,http://d-nb.info/gnd/118554700,Alexander von Humboldt,http://d-nb.info/gnd/115674667,Carl Sigismund Kunth,1839-04-20,http://sws.geonames.org/2950159,
https://edition-humboldt.de/H0016673,#AVHR,http://d-nb.info/gnd/118554700,Alexander von Humboldt,http://d-nb.info/gnd/118529250,Christian Gottfried Ehrenberg,1839-06-25,,
https://edition-humboldt.de/H0016672,#AVHR,http://d-nb.info/gnd/118554700,Alexander von Humboldt,http://d-nb.info/gnd/118529250,Christian Gottfried Ehrenberg,1839-08-20,http://sws.geonames.org/2940177,Charlottenhof
https://edition-humboldt.de/H0016680,#AVHR,http://d-nb.info/gnd/118554700,Alexander von Humboldt,http://d-nb.info/gnd/118529250,Christian Gottfried Ehrenberg,1839-08-20,http://sws.geonames.org/2940177,Charlottenhof
https://edition-humboldt.de/H0019601,#AVHR,http://d-nb.info/gnd/118759086,Sir Robert Hermann Schomburgk,http://d-nb.info/gnd/118554700,Alexander von Humboldt,1839-10-24,http://sws.geonames.org/2643743,London
https://edition-humboldt.de/H0016529,#AVHR,http://d-nb.info/gnd/118529250,Christian Gottfried Ehrenberg,http://d-nb.info/gnd/118554700,Alexander von Humboldt,1839-11-27,http://sws.geonames.org/2950159,
https://edition-humboldt.de/H0016686,#AVHR,http://d-nb.info/gnd/118554700,Alexander von Humboldt,http://d-nb.info/gnd/118529250,Christian Gottfried Ehrenberg,1839-12-09,http://sws.geonames.org/2950159,
https://edition-humboldt.de/H0016674,#AVHR,http://d-nb.info/gnd/118554700,Alexander von Humboldt,http://d-nb.info/gnd/118529250,Christian Gottfried Ehrenberg,1839-12-19,http://sws.geonames.org/2950159,
https://edition-humboldt.de/H0016675,#AVHR,http://d-nb.info/gnd/118554700,Alexander von Humboldt,http://d-nb.info/gnd/118529250,Christian Gottfried Ehrenberg,1839-12-19,http://sws.geonames.org/2950159,
https://edition-humboldt.de/H0016640,#AVHR,http://d-nb.info/gnd/118554700,Alexander von Humboldt,http://d-nb.info/gnd/118529250,Christian Gottfried Ehrenberg,1840-02-21,http://sws.geonames.org/2950159,
https://edition-humboldt.de/H0016530,#AVHR,http://d-nb.info/gnd/118529250,Christian Gottfried Ehrenberg,http://d-nb.info/gnd/118554700,Alexander von Humboldt,1840-03-24,http://sws.geonames.org/2950159,
https://edition-humboldt.de/H0019602,#AVHR,http://d-nb.info/gnd/118759086,Sir Robert Hermann Schomburgk,http://d-nb.info/gnd/118554700,Alexander von Humboldt,1840-04-03,http://sws.geonames.org/2643743,London
https://edition-humboldt.de/H0016683,#AVHR,http://d-nb.info/gnd/118554700,Alexander von Humboldt,http://d-nb.info/gnd/118529250,Christian Gottfried Ehrenberg,1840-06-26,http://sws.geonames.org/2950159,
https://edition-humboldt.de/H0016687,#AVHR,http://d-nb.info/gnd/118554700,Alexander von Humboldt,http://d-nb.info/gnd/118529250,Christian Gottfried Ehrenberg,1840-08-14,http://sws.geonames.org/6295638,Sanssouci
https://edition-humboldt.de/H0019718,#AVHR,http://d-nb.info/gnd/118554700,Alexander von Humboldt,http://d-nb.info/gnd/118535994,"Friedrich Wilhelm IV., König von Preußen",1840-10-05,http://sws.geonames.org/2940177,Charlottenhof
https://edition-humboldt.de/H0016689,#AVHR,http://d-nb.info/gnd/118554700,Alexander von Humboldt,http://d-nb.info/gnd/118529250,Christian Gottfried Ehrenberg,1840-10-08,http://sws.geonames.org/2950159,
https://edition-humboldt.de/H0001203,#AVHR,http://d-nb.info/gnd/118554700,Alexander von Humboldt,http://d-nb.info/gnd/116962437,Franz Julius Ferdinand Meyen,1840-10-09,http://sws.geonames.org/2950159,
https://edition-humboldt.de/H0016685,#AVHR,http://d-nb.info/gnd/118554700,Alexander von Humboldt,http://d-nb.info/gnd/118529250,Christian Gottfried Ehrenberg,1840-10-26,http://sws.geonames.org/2852458,Potsdam
https://edition-humboldt.de/H0016688,#AVHR,http://d-nb.info/gnd/118554700,Alexander von Humboldt,http://d-nb.info/gnd/118529250,Christian Gottfried Ehrenberg,1840-12-21,http://sws.geonames.org/2950159,
https://edition-humboldt.de/H0016699,#AVHR,http://d-nb.info/gnd/118554700,Alexander von Humboldt,http://d-nb.info/gnd/118529250,Christian Gottfried Ehrenberg,1842-01-14,http://sws.geonames.org/2950159,
https://edition-humboldt.de/H0016692,#AVHR,http://d-nb.info/gnd/118554700,Alexander von Humboldt,http://d-nb.info/gnd/118529250,Christian Gottfried Ehrenberg,1842-02-16,http://sws.geonames.org/2950159,
https://edition-humboldt.de/H0016694,#AVHR,http://d-nb.info/gnd/118554700,Alexander von Humboldt,http://d-nb.info/gnd/118529250,Christian Gottfried Ehrenberg,1842-06-27,http://sws.geonames.org/2950159,
https://edition-humboldt.de/H0015273,#AVHR,http://d-nb.info/gnd/118554700,Alexander von Humboldt,http://d-nb.info/gnd/115674667,Carl Sigismund Kunth,1842-11-02,http://sws.geonames.org/2950159,
https://edition-humboldt.de/H0015080,#AVHR,http://d-nb.info/gnd/118554700,Alexander von Humboldt,http://d-nb.info/gnd/115674667,Carl Sigismund Kunth,1842-11-08,,
https://edition-humboldt.de/H0005455,#AVHR,http://d-nb.info/gnd/118554700,Alexander von Humboldt,http://d-nb.info/gnd/115674667,Carl Sigismund Kunth,1842-11-12,http://sws.geonames.org/2950159,
https://edition-humboldt.de/H0016701,#AVHR,http://d-nb.info/gnd/118554700,Alexander von Humboldt,http://d-nb.info/gnd/118529250,Christian Gottfried Ehrenberg,1843-10-19,http://sws.geonames.org/2852458,Potsdam
https://edition-humboldt.de/H0016711,#AVHR,http://d-nb.info/gnd/118554700,Alexander von Humboldt,http://d-nb.info/gnd/118529250,Christian Gottfried Ehrenberg,1844-01-23,http://sws.geonames.org/2950159,
https://edition-humboldt.de/H0016712,#AVHR,http://d-nb.info/gnd/118554700,Alexander von Humboldt,http://d-nb.info/gnd/118529250,Christian Gottfried Ehrenberg,1844-01-23,http://sws.geonames.org/2950159,
https://edition-humboldt.de/H0015157,#AVHR,http://d-nb.info/gnd/118554700,Alexander von Humboldt,http://d-nb.info/gnd/115674667,Carl Sigismund Kunth,1844-01-30,http://sws.geonames.org/2950159,
https://edition-humboldt.de/H0002239,#AVHR,http://d-nb.info/gnd/118554700,Alexander von Humboldt,http://d-nb.info/gnd/115674667,Carl Sigismund Kunth,1844-04-14,http://sws.geonames.org/2950159,
https://edition-humboldt.de/H0016547,#AVHR,http://d-nb.info/gnd/118529250,Christian Gottfried Ehrenberg,http://d-nb.info/gnd/118554700,Alexander von Humboldt,1844-05-13,http://sws.geonames.org/2950159,
https://edition-humboldt.de/H0016548,#AVHR,http://d-nb.info/gnd/118529250,Christian Gottfried Ehrenberg,http://d-nb.info/gnd/118554700,Alexander von Humboldt,1844-05-14,http://sws.geonames.org/2950159,
https://edition-humboldt.de/H0016549,#AVHR,http://d-nb.info/gnd/118529250,Christian Gottfried Ehrenberg,http://d-nb.info/gnd/118554700,Alexander von Humboldt,1844-05-22,http://sws.geonames.org/2950159,
https://edition-humboldt.de/H0016550,#AVHR,http://d-nb.info/gnd/118529250,Christian Gottfried Ehrenberg,http://d-nb.info/gnd/118554700,Alexander von Humboldt,1844-07-16,http://sws.geonames.org/2950159,
https://edition-humboldt.de/H0016691,#AVHR,http://d-nb.info/gnd/118554700,Alexander von Humboldt,http://d-nb.info/gnd/118529250,Christian Gottfried Ehrenberg,1844-08-10,http://sws.geonames.org/2950159,
https://edition-humboldt.de/H0015057,#AVHR,http://d-nb.info/gnd/118554700,Alexander von Humboldt,http://d-nb.info/gnd/115674667,Carl Sigismund Kunth,1844-09-13,,
https://edition-humboldt.de/H0002931,#AVHR,http://d-nb.info/gnd/118554700,Alexander von Humboldt,http://d-nb.info/gnd/115674667,Carl Sigismund Kunth,1844-09-19,http://sws.geonames.org/2950159,
https://edition-humboldt.de/H0016551,#AVHR,http://d-nb.info/gnd/118529250,Christian Gottfried Ehrenberg,http://d-nb.info/gnd/118554700,Alexander von Humboldt,1844-12-07,http://sws.geonames.org/2950159,
https://edition-humboldt.de/H0016552,#AVHR,http://d-nb.info/gnd/118529250,Christian Gottfried Ehrenberg,http://d-nb.info/gnd/118554700,Alexander von Humboldt,1844-12-21,http://sws.geonames.org/2950159,
https://edition-humboldt.de/H0016718,#AVHR,http://d-nb.info/gnd/118554700,Alexander von Humboldt,http://d-nb.info/gnd/118529250,Christian Gottfried Ehrenberg,1845-05-18,http://sws.geonames.org/2988507,
https://edition-humboldt.de/H0006049,#AVHR,http://d-nb.info/gnd/118554700,Alexander von Humboldt,http://d-nb.info/gnd/115674667,Carl Sigismund Kunth,1845-07-08,http://sws.geonames.org/2852458,Potsdam
https://edition-humboldt.de/H0016716,#AVHR,http://d-nb.info/gnd/118554700,Alexander von Humboldt,http://d-nb.info/gnd/118529250,Christian Gottfried Ehrenberg,1845-07-19,http://sws.geonames.org/2950159,
https://edition-humboldt.de/H0020379,#AVHR,http://d-nb.info/gnd/118554700,Alexander von Humboldt,http://d-nb.info/gnd/118774891,Joseph Dalton Hooker,1845-09-02,http://sws.geonames.org/6295638,Sanssouci
https://edition-humboldt.de/H0020380,#AVHR,http://d-nb.info/gnd/118554700,Alexander von Humboldt,http://d-nb.info/gnd/118774891,Joseph Dalton Hooker,1845-09-02,http://sws.geonames.org/6295638,Sanssouci
https://edition-humboldt.de/H0002961,#AVHR,http://d-nb.info/gnd/118554700,Alexander von Humboldt,http://d-nb.info/gnd/115674667,Carl Sigismund Kunth,1845-09-25,http://sws.geonames.org/2950159,
https://edition-humboldt.de/H0013747,#AVHR,http://d-nb.info/gnd/118554700,Alexander von Humboldt,http://d-nb.info/gnd/115674667,Carl Sigismund Kunth,1845-11-24,http://sws.geonames.org/2950159,
https://edition-humboldt.de/H0016722,#AVHR,http://d-nb.info/gnd/118554700,Alexander von Humboldt,http://d-nb.info/gnd/118529250,Christian Gottfried Ehrenberg,1846-03-26,http://sws.geonames.org/2950159,
https://edition-humboldt.de/H0005453,#AVHR,http://d-nb.info/gnd/118554700,Alexander von Humboldt,http://d-nb.info/gnd/115674667,Carl Sigismund Kunth,1846-04-23,http://sws.geonames.org/2950159,
https://edition-humboldt.de/H0006048,#AVHR,http://d-nb.info/gnd/118554700,Alexander von Humboldt,http://d-nb.info/gnd/115674667,Carl Sigismund Kunth,1846-05-28,http://sws.geonames.org/2852458,Potsdam
https://edition-humboldt.de/H0016567,#AVHR,http://d-nb.info/gnd/118554700,Alexander von Humboldt,http://d-nb.info/gnd/118529250,Christian Gottfried Ehrenberg,1846-06-06,http://sws.geonames.org/2950159,
https://edition-humboldt.de/H0016553,#AVHR,http://d-nb.info/gnd/118529250,Christian Gottfried Ehrenberg,http://d-nb.info/gnd/118554700,Alexander von Humboldt,1846-06-08,http://sws.geonames.org/2950159,
https://edition-humboldt.de/H0005451,#AVHR,http://d-nb.info/gnd/118554700,Alexander von Humboldt,http://d-nb.info/gnd/115674667,Carl Sigismund Kunth,1846-06-28,http://sws.geonames.org/2852458,Potsdam
https://edition-humboldt.de/H0000008,#AVHR,http://d-nb.info/gnd/118554700,Alexander von Humboldt,http://d-nb.info/gnd/115674667,Carl Sigismund Kunth,1846-06-29,http://sws.geonames.org/2950159,
https://edition-humboldt.de/H0016720,#AVHR,http://d-nb.info/gnd/118554700,Alexander von Humboldt,http://d-nb.info/gnd/118529250,Christian Gottfried Ehrenberg,1846-07-01,http://sws.geonames.org/2950159,
https://edition-humboldt.de/H0014768,#AVHR,http://d-nb.info/gnd/118554700,Alexander von Humboldt,http://d-nb.info/gnd/115674667,Carl Sigismund Kunth,1846-12-05,http://sws.geonames.org/2950159,
https://edition-humboldt.de/H0016569,#AVHR,http://d-nb.info/gnd/118554700,Alexander von Humboldt,http://d-nb.info/gnd/118529250,Christian Gottfried Ehrenberg,1847-01-16,http://sws.geonames.org/2950159,
https://edition-humboldt.de/H0016554,#AVHR,http://d-nb.info/gnd/118529250,Christian Gottfried Ehrenberg,http://d-nb.info/gnd/118554700,Alexander von Humboldt,1847-02-27,http://sws.geonames.org/2950159,
https://edition-humboldt.de/H0016723,#AVHR,http://d-nb.info/gnd/118554700,Alexander von Humboldt,http://d-nb.info/gnd/118529250,Christian Gottfried Ehrenberg,1847-05-30,http://sws.geonames.org/2852458,Potsdam
https://edition-humboldt.de/H0016575,#AVHR,http://d-nb.info/gnd/118554700,Alexander von Humboldt,http://d-nb.info/gnd/118529250,Christian Gottfried Ehrenberg,1847-06-13,http://sws.geonames.org/2852458,Potsdam
https://edition-humboldt.de/H0016536,#AVHR,http://d-nb.info/gnd/118529250,Christian Gottfried Ehrenberg,http://d-nb.info/gnd/118554700,Alexander von Humboldt,1847-08-06,http://sws.geonames.org/2950159,
https://edition-humboldt.de/H0019588,#AVHR,http://d-nb.info/gnd/118759078,Moritz Richard Schomburgk,http://d-nb.info/gnd/118554700,Alexander von Humboldt,1847-09-09,http://sws.geonames.org/2950159,
https://edition-humboldt.de/H0020381,#AVHR,http://d-nb.info/gnd/118554700,Alexander von Humboldt,http://d-nb.info/gnd/118774891,Joseph Dalton Hooker,1847-09-30,http://sws.geonames.org/2950159,
https://edition-humboldt.de/H0020383,#AVHR,http://d-nb.info/gnd/118774891,Joseph Dalton Hooker,http://d-nb.info/gnd/118554700,Alexander von Humboldt,1847-12-04,http://sws.geonames.org/361058,Alexandria
https://edition-humboldt.de/H0016586,#AVHR,http://d-nb.info/gnd/118554700,Alexander von Humboldt,http://d-nb.info/gnd/118529250,Christian Gottfried Ehrenberg,1848-01-27,http://sws.geonames.org/2950159,
https://edition-humboldt.de/H0016587,#AVHR,http://d-nb.info/gnd/118554700,Alexander von Humboldt,http://d-nb.info/gnd/118529250,Christian Gottfried Ehrenberg,1848-01-27,http://sws.geonames.org/2950159,
https://edition-humboldt.de/H0016491,#AVHR,http://d-nb.info/gnd/118554700,Alexander von Humboldt,http://d-nb.info/gnd/118529250,Christian Gottfried Ehrenberg,1848-02-02,http://sws.geonames.org/2950159,
https://edition-humboldt.de/H0016581,#AVHR,http://d-nb.info/gnd/118554700,Alexander von Humboldt,http://d-nb.info/gnd/118529250,Christian Gottfried Ehrenberg,1848-03-03,http://sws.geonames.org/2950159,
https://edition-humboldt.de/H0000003,#AVHR,http://d-nb.info/gnd/118554700,Alexander von Humboldt,http://d-nb.info/gnd/115674667,Carl Sigismund Kunth,1848-05-26,http://sws.geonames.org/2950159,
https://edition-humboldt.de/H0016555,#AVHR,http://d-nb.info/gnd/118529250,Christian Gottfried Ehrenberg,http://d-nb.info/gnd/118554700,Alexander von Humboldt,1848-05-30,http://sws.geonames.org/2950159,
https://edition-humboldt.de/H0016577,#AVHR,http://d-nb.info/gnd/118554700,Alexander von Humboldt,http://d-nb.info/gnd/118529250,Christian Gottfried Ehrenberg,1848-05-31,http://sws.geonames.org/2852458,Potsdam
https://edition-humboldt.de/H0016556,#AVHR,http://d-nb.info/gnd/118529250,Christian Gottfried Ehrenberg,http://d-nb.info/gnd/118554700,Alexander von Humboldt,1848-06-01,http://sws.geonames.org/2950159,
https://edition-humboldt.de/H0011541,#AVHR,http://d-nb.info/gnd/118554700,Alexander von Humboldt,http://d-nb.info/gnd/115674667,Carl Sigismund Kunth,1848-06-27,http://sws.geonames.org/2852458,Potsdam
https://edition-humboldt.de/H0016579,#AVHR,http://d-nb.info/gnd/118554700,Alexander von Humboldt,http://d-nb.info/gnd/118529250,Christian Gottfried Ehrenberg,1848-07-08,http://sws.geonames.org/2852458,Potsdam
https://edition-humboldt.de/H0016513,#AVHR,http://d-nb.info/gnd/118529250,Christian Gottfried Ehrenberg,http://d-nb.info/gnd/118554700,Alexander von Humboldt,1848-09-04,http://sws.geonames.org/2950159,
https://edition-humboldt.de/H0016584,#AVHR,http://d-nb.info/gnd/118554700,Alexander von Humboldt,http://d-nb.info/gnd/118529250,Christian Gottfried Ehrenberg,1848-09-05,http://sws.geonames.org/2852458,Potsdam
https://edition-humboldt.de/H0016583,#AVHR,http://d-nb.info/gnd/118554700,Alexander von Humboldt,http://d-nb.info/gnd/118529250,Christian Gottfried Ehrenberg,1848-09-07,http://sws.geonames.org/2852458,Potsdam
https://edition-humboldt.de/H0016589,#AVHR,http://d-nb.info/gnd/118554700,Alexander von Humboldt,http://d-nb.info/gnd/118529250,Christian Gottfried Ehrenberg,1848-09-29,http://sws.geonames.org/2852458,Potsdam
https://edition-humboldt.de/H0016503,#AVHR,http://d-nb.info/gnd/118554700,Alexander von Humboldt,http://d-nb.info/gnd/118529250,Christian Gottfried Ehrenberg,1848-10-11,http://sws.geonames.org/2852458,Potsdam
https://edition-humboldt.de/H0016514,#AVHR,http://d-nb.info/gnd/118529250,Christian Gottfried Ehrenberg,http://d-nb.info/gnd/118554700,Alexander von Humboldt,1848-10-19,http://sws.geonames.org/2950159,
https://edition-humboldt.de/H0016557,#AVHR,http://d-nb.info/gnd/118529250,Christian Gottfried Ehrenberg,http://d-nb.info/gnd/118554700,Alexander von Humboldt,1848-10-30,http://sws.geonames.org/2950159,
https://edition-humboldt.de/H0019603,#AVHR,http://d-nb.info/gnd/118554700,Alexander von Humboldt,http://d-nb.info/gnd/118759086,Sir Robert Hermann Schomburgk,1848-10-31,http://sws.geonames.org/6295638,Sanssouci
https://edition-humboldt.de/H0000700,#AVHR,http://d-nb.info/gnd/118554700,Alexander von Humboldt,http://d-nb.info/gnd/115674667,Carl Sigismund Kunth,1848-11-02,http://sws.geonames.org/2852458,Potsdam
https://edition-humboldt.de/H0016515,#AVHR,http://d-nb.info/gnd/118529250,Christian Gottfried Ehrenberg,http://d-nb.info/gnd/118554700,Alexander von Humboldt,1848-11-23,http://sws.geonames.org/2950159,
https://edition-humboldt.de/H0000608,#AVHR,http://d-nb.info/gnd/118554700,Alexander von Humboldt,http://d-nb.info/gnd/115674667,Carl Sigismund Kunth,1848-11-24,http://sws.geonames.org/2852458,Potsdam
https://edition-humboldt.de/H0019594,#AVHR,http://d-nb.info/gnd/118554700,Alexander von Humboldt,http://d-nb.info/gnd/116911921,Otto Alfred Schomburgk,1848-12-07,http://sws.geonames.org/2950159,
https://edition-humboldt.de/H0019593,#AVHR,http://d-nb.info/gnd/116911921,Otto Alfred Schomburgk,http://d-nb.info/gnd/118554700,Alexander von Humboldt,1849-01-10,http://sws.geonames.org/2950159,
https://edition-humboldt.de/H0000009,#AVHR,http://d-nb.info/gnd/118554700,Alexander von Humboldt,http://d-nb.info/gnd/115674667,Carl Sigismund Kunth,1849-01-11,http://sws.geonames.org/2950159,
https://edition-humboldt.de/H0015159,#AVHR,http://d-nb.info/gnd/115674667,Carl Sigismund Kunth,http://d-nb.info/gnd/118554700,Alexander von Humboldt,1849-01-13,http://sws.geonames.org/2950159,
https://edition-humboldt.de/H0005461,#AVHR,http://d-nb.info/gnd/115674667,Carl Sigismund Kunth,http://d-nb.info/gnd/118554700,Alexander von Humboldt,1849-02-01,,
https://edition-humboldt.de/H0006046,#AVHR,http://d-nb.info/gnd/118554700,Alexander von Humboldt,http://d-nb.info/gnd/115674667,Carl Sigismund Kunth,1849-02-02,http://sws.geonames.org/2950159,
https://edition-humboldt.de/H0016558,#AVHR,http://d-nb.info/gnd/118529250,Christian Gottfried Ehrenberg,http://d-nb.info/gnd/118554700,Alexander von Humboldt,1849-02-10,http://sws.geonames.org/2950159,
https://edition-humboldt.de/H0019596,#AVHR,http://d-nb.info/gnd/116911921,Otto Alfred Schomburgk,http://d-nb.info/gnd/118554700,Alexander von Humboldt,1849-03-21,http://sws.geonames.org/2911298,Hamburg
https://edition-humboldt.de/H0016582,#AVHR,http://d-nb.info/gnd/118554700,Alexander von Humboldt,http://d-nb.info/gnd/118529250,Christian Gottfried Ehrenberg,1849-05-09,http://sws.geonames.org/2950159,
https://edition-humboldt.de/H0016592,#AVHR,http://d-nb.info/gnd/118554700,Alexander von Humboldt,http://d-nb.info/gnd/118529250,Christian Gottfried Ehrenberg,1849-05-26,http://sws.geonames.org/2950159,
https://edition-humboldt.de/H0016462,#AVHR,http://d-nb.info/gnd/118554700,Alexander von Humboldt,http://d-nb.info/gnd/118755234,Adolph von Schlagintweit,1849-06-21,http://sws.geonames.org/2852458,Potsdam
https://edition-humboldt.de/H0016593,#AVHR,http://d-nb.info/gnd/118554700,Alexander von Humboldt,http://d-nb.info/gnd/118529250,Christian Gottfried Ehrenberg,1849-08-15,http://sws.geonames.org/2852458,Potsdam
https://edition-humboldt.de/H0016596,#AVHR,http://d-nb.info/gnd/118554700,Alexander von Humboldt,http://d-nb.info/gnd/118529250,Christian Gottfried Ehrenberg,1849-08-23,http://sws.geonames.org/2852458,Potsdam
https://edition-humboldt.de/H0016440,#AVHR,http://d-nb.info/gnd/119074117,Hermann Schlagintweit-Sakünlünski,http://d-nb.info/gnd/118554700,Alexander von Humboldt,1849-10-25,http://sws.geonames.org/2950159,
https://edition-humboldt.de/H0011540,#AVHR,http://d-nb.info/gnd/118554700,Alexander von Humboldt,http://d-nb.info/gnd/115674667,Carl Sigismund Kunth,1849-12-09,http://sws.geonames.org/2852458,Potsdam
https://edition-humboldt.de/H0016559,#AVHR,http://d-nb.info/gnd/118529250,Christian Gottfried Ehrenberg,http://d-nb.info/gnd/118554700,Alexander von Humboldt,1849-12-24,http://sws.geonames.org/2950159,
https://edition-humboldt.de/H0019598,#AVHR,http://d-nb.info/gnd/118759086,Sir Robert Hermann Schomburgk,http://d-nb.info/gnd/118554700,Alexander von Humboldt,1850-02-05,http://sws.geonames.org/3492908,Santo Domingo
https://edition-humboldt.de/H0016561,#AVHR,http://d-nb.info/gnd/118529250,Christian Gottfried Ehrenberg,http://d-nb.info/gnd/118554700,Alexander von Humboldt,1850-03-11,http://sws.geonames.org/2950159,
https://edition-humboldt.de/H0016602,#AVHR,http://d-nb.info/gnd/118554700,Alexander von Humboldt,http://d-nb.info/gnd/118529250,Christian Gottfried Ehrenberg,1850-03-22,http://sws.geonames.org/2950159,
https://edition-humboldt.de/H0016598,#AVHR,http://d-nb.info/gnd/118554700,Alexander von Humboldt,http://d-nb.info/gnd/118529250,Christian Gottfried Ehrenberg,1850-05-03,http://sws.geonames.org/2950159,
https://edition-humboldt.de/H0016597,#AVHR,http://d-nb.info/gnd/118554700,Alexander von Humboldt,http://d-nb.info/gnd/118529250,Christian Gottfried Ehrenberg,1850-05-05,http://sws.geonames.org/2852458,Potsdam
https://edition-humboldt.de/H0016585,#AVHR,http://d-nb.info/gnd/118554700,Alexander von Humboldt,http://d-nb.info/gnd/118529250,Christian Gottfried Ehrenberg,1850-05-24,http://sws.geonames.org/2950159,
https://edition-humboldt.de/H0016573,#AVHR,http://d-nb.info/gnd/118554700,Alexander von Humboldt,http://d-nb.info/gnd/118529250,Christian Gottfried Ehrenberg,1850-08-12,http://sws.geonames.org/2950159,
https://edition-humboldt.de/H0016458,#AVHR,http://d-nb.info/gnd/118554700,Alexander von Humboldt,http://d-nb.info/gnd/118755234,Adolph von Schlagintweit,1850-08-21,http://sws.geonames.org/2852458,Potsdam
https://edition-humboldt.de/H0016599,#AVHR,http://d-nb.info/gnd/118554700,Alexander von Humboldt,http://d-nb.info/gnd/118529250,Christian Gottfried Ehrenberg,1850-10-17,http://sws.geonames.org/2950159,
https://edition-humboldt.de/H0016600,#AVHR,http://d-nb.info/gnd/118554700,Alexander von Humboldt,http://d-nb.info/gnd/118529250,Christian Gottfried Ehrenberg,1850-10-18,http://sws.geonames.org/2852458,Potsdam
https://edition-humboldt.de/H0016604,#AVHR,http://d-nb.info/gnd/118554700,Alexander von Humboldt,http://d-nb.info/gnd/118529250,Christian Gottfried Ehrenberg,1851-04-09,http://sws.geonames.org/2950159,
https://edition-humboldt.de/H0016499,#AVHR,http://d-nb.info/gnd/118554700,Alexander von Humboldt,http://d-nb.info/gnd/118529250,Christian Gottfried Ehrenberg,1851-04-20,http://sws.geonames.org/2950159,
https://edition-humboldt.de/H0016601,#AVHR,http://d-nb.info/gnd/118554700,Alexander von Humboldt,http://d-nb.info/gnd/118529250,Christian Gottfried Ehrenberg,1851-05-13,http://sws.geonames.org/2950159,
https://edition-humboldt.de/H0016607,#AVHR,http://d-nb.info/gnd/118554700,Alexander von Humboldt,http://d-nb.info/gnd/118529250,Christian Gottfried Ehrenberg,1851-06-15,http://sws.geonames.org/2852458,Potsdam
https://edition-humboldt.de/H0019725,#AVHR,http://d-nb.info/gnd/118554700,Alexander von Humboldt,http://d-nb.info/gnd/118750321,Johann Moritz Rugendas,1851-10-20,http://sws.geonames.org/6295638,Sanssouci
https://edition-humboldt.de/H0016465,#AVHR,http://d-nb.info/gnd/118755234,Adolph von Schlagintweit,http://d-nb.info/gnd/118554700,Alexander von Humboldt,1851-12-18,http://sws.geonames.org/2950159,
https://edition-humboldt.de/H0016606,#AVHR,http://d-nb.info/gnd/118554700,Alexander von Humboldt,http://d-nb.info/gnd/118529250,Christian Gottfried Ehrenberg,1852-01-28,http://sws.geonames.org/2950159,
https://edition-humboldt.de/H0016443,#AVHR,http://d-nb.info/gnd/119074117,Hermann Schlagintweit-Sakünlünski,http://d-nb.info/gnd/118554700,Alexander von Humboldt,1852-03-19,http://sws.geonames.org/2950159,
https://edition-humboldt.de/H0016531,#AVHR,http://d-nb.info/gnd/118529250,Christian Gottfried Ehrenberg,http://d-nb.info/gnd/118554700,Alexander von Humboldt,1852-05-03,http://sws.geonames.org/2950159,
https://edition-humboldt.de/H0016461,#AVHR,http://d-nb.info/gnd/118755234,Adolph von Schlagintweit,http://d-nb.info/gnd/118554700,Alexander von Humboldt,1852-06-02,http://sws.geonames.org/2950159,
https://edition-humboldt.de/H0016459,#AVHR,http://d-nb.info/gnd/118554700,Alexander von Humboldt,http://d-nb.info/gnd/118755234,Adolph von Schlagintweit,1852-08-01,http://sws.geonames.org/2852458,Potsdam
https://edition-humboldt.de/H0016439,#AVHR,http://d-nb.info/gnd/119074117,Hermann Schlagintweit-Sakünlünski,http://d-nb.info/gnd/118554700,Alexander von Humboldt,1852-08-01,http://sws.geonames.org/2950159,
https://edition-humboldt.de/H0016608,#AVHR,http://d-nb.info/gnd/118554700,Alexander von Humboldt,http://d-nb.info/gnd/118529250,Christian Gottfried Ehrenberg,1852-09-29,http://sws.geonames.org/2852458,Potsdam
https://edition-humboldt.de/H0016452,#AVHR,http://d-nb.info/gnd/118554700,Alexander von Humboldt,http://d-nb.info/gnd/119074117,Hermann Schlagintweit-Sakünlünski,1852-10-30,http://sws.geonames.org/2852458,Potsdam
https://edition-humboldt.de/H0019715,#AVHR,http://d-nb.info/gnd/118554700,Alexander von Humboldt,http://d-nb.info/gnd/119074117,Hermann Schlagintweit-Sakünlünski,1853-02-28,http://sws.geonames.org/2950159,
https://edition-humboldt.de/H0016610,#AVHR,http://d-nb.info/gnd/118554700,Alexander von Humboldt,http://d-nb.info/gnd/118529250,Christian Gottfried Ehrenberg,1853-05-05,http://sws.geonames.org/2950159,
https://edition-humboldt.de/H0016563,#AVHR,http://d-nb.info/gnd/118529250,Christian Gottfried Ehrenberg,http://d-nb.info/gnd/118554700,Alexander von Humboldt,1853-06-07,http://sws.geonames.org/2950159,
https://edition-humboldt.de/H0016516,#AVHR,http://d-nb.info/gnd/118529250,Christian Gottfried Ehrenberg,http://d-nb.info/gnd/118554700,Alexander von Humboldt,1853-06-27,http://sws.geonames.org/2950159,
https://edition-humboldt.de/H0016611,#AVHR,http://d-nb.info/gnd/118554700,Alexander von Humboldt,http://d-nb.info/gnd/118529250,Christian Gottfried Ehrenberg,1853-07-02,http://sws.geonames.org/2852458,Potsdam
https://edition-humboldt.de/H0019729,#AVHR,http://d-nb.info/gnd/118554700,Alexander von Humboldt,http://d-nb.info/gnd/118750321,Johann Moritz Rugendas,1854-02-11,http://sws.geonames.org/2950159,
https://edition-humboldt.de/H0019728,#AVHR,http://d-nb.info/gnd/118554700,Alexander von Humboldt,http://d-nb.info/gnd/118750321,Johann Moritz Rugendas,1854-02-25,http://sws.geonames.org/2950159,
https://edition-humboldt.de/H0019720,#AVHR,http://d-nb.info/gnd/118750321,Johann Moritz Rugendas,http://d-nb.info/gnd/118554700,Alexander von Humboldt,1854-02-26,http://sws.geonames.org/2950159,
https://edition-humboldt.de/H0016541,#AVHR,http://d-nb.info/gnd/118554700,Alexander von Humboldt,http://d-nb.info/gnd/118529250,Christian Gottfried Ehrenberg,1854-05-05,http://sws.geonames.org/2950159,
https://edition-humboldt.de/H0016543,#AVHR,http://d-nb.info/gnd/118554700,Alexander von Humboldt,http://d-nb.info/gnd/118529250,Christian Gottfried Ehrenberg,1854-05-05,http://sws.geonames.org/2950159,
https://edition-humboldt.de/H0016517,#AVHR,http://d-nb.info/gnd/118529250,Christian Gottfried Ehrenberg,http://d-nb.info/gnd/118554700,Alexander von Humboldt,1854-05-06,http://sws.geonames.org/2950159,
https://edition-humboldt.de/H0016518,#AVHR,http://d-nb.info/gnd/118529250,Christian Gottfried Ehrenberg,http://d-nb.info/gnd/118554700,Alexander von Humboldt,1854-08-08,http://sws.geonames.org/2950159,
https://edition-humboldt.de/H0016450,#AVHR,http://d-nb.info/gnd/118554700,Alexander von Humboldt,http://d-nb.info/gnd/118755234,Adolph von Schlagintweit,1854-09-04,http://sws.geonames.org/2950159,
https://edition-humboldt.de/H0016441,#AVHR,http://d-nb.info/gnd/118755234,Adolph von Schlagintweit,http://d-nb.info/gnd/118554700,Alexander von Humboldt,1854-11-10,http://sws.geonames.org/1275339,Bombay
https://edition-humboldt.de/H0016615,#AVHR,http://d-nb.info/gnd/118554700,Alexander von Humboldt,http://d-nb.info/gnd/118529250,Christian Gottfried Ehrenberg,1854-11-13,http://sws.geonames.org/2950159,
https://edition-humboldt.de/H0016621,#AVHR,http://d-nb.info/gnd/118554700,Alexander von Humboldt,http://d-nb.info/gnd/118529250,Christian Gottfried Ehrenberg,1854-11-24,http://sws.geonames.org/2950159,
https://edition-humboldt.de/H0016463,#AVHR,http://d-nb.info/gnd/119074117,Hermann Schlagintweit-Sakünlünski,http://d-nb.info/gnd/118554700,Alexander von Humboldt,1854-12-14,http://sws.geonames.org/1275339,Bombay
https://edition-humboldt.de/H0016519,#AVHR,http://d-nb.info/gnd/118529250,Christian Gottfried Ehrenberg,http://d-nb.info/gnd/118554700,Alexander von Humboldt,1854-12-24,http://sws.geonames.org/2950159,
https://edition-humboldt.de/H0016453,#AVHR,http://d-nb.info/gnd/119074117,Hermann Schlagintweit-Sakünlünski,http://d-nb.info/gnd/118554700,Alexander von Humboldt,1855-04-24,http://sws.geonames.org/1273467,Darjeeling
https://edition-humboldt.de/H0019124,#AVHR,http://d-nb.info/gnd/118755234,Adolph von Schlagintweit,http://d-nb.info/gnd/118554700,Alexander von Humboldt,1855-05-07,,
https://edition-humboldt.de/H0019716,#AVHR,http://d-nb.info/gnd/118554700,Alexander von Humboldt,http://d-nb.info/gnd/118750321,Johann Moritz Rugendas,1855-07-20,http://sws.geonames.org/2950159,
https://edition-humboldt.de/H0016520,#AVHR,http://d-nb.info/gnd/118529250,Christian Gottfried Ehrenberg,http://d-nb.info/gnd/118554700,Alexander von Humboldt,1855-09-14,http://sws.geonames.org/2950159,
https://edition-humboldt.de/H0016618,#AVHR,http://d-nb.info/gnd/118554700,Alexander von Humboldt,http://d-nb.info/gnd/118529250,Christian Gottfried Ehrenberg,1855-12-03,http://sws.geonames.org/2950159,
https://edition-humboldt.de/H0019130,#AVHR,http://d-nb.info/gnd/118755234,Adolph von Schlagintweit,http://d-nb.info/gnd/118554700,Alexander von Humboldt,1855-12-15,,
https://edition-humboldt.de/H0016471,#AVHR,http://d-nb.info/gnd/118554700,Alexander von Humboldt,http://d-nb.info/gnd/118529250,Christian Gottfried Ehrenberg,1856-03-22,http://sws.geonames.org/2950159,
https://edition-humboldt.de/H0016472,#AVHR,http://d-nb.info/gnd/118554700,Alexander von Humboldt,http://d-nb.info/gnd/118529250,Christian Gottfried Ehrenberg,1856-03-22,http://sws.geonames.org/2950159,
https://edition-humboldt.de/H0016475,#AVHR,http://d-nb.info/gnd/118554700,Alexander von Humboldt,http://d-nb.info/gnd/118529250,Christian Gottfried Ehrenberg,1856-05-16,http://sws.geonames.org/2950159,
https://edition-humboldt.de/H0016605,#AVHR,http://d-nb.info/gnd/118554700,Alexander von Humboldt,http://d-nb.info/gnd/118529250,Christian Gottfried Ehrenberg,1856-05-25,http://sws.geonames.org/2950159,
https://edition-humboldt.de/H0016474,#AVHR,http://d-nb.info/gnd/118554700,Alexander von Humboldt,http://d-nb.info/gnd/118529250,Christian Gottfried Ehrenberg,1856-05-27,http://sws.geonames.org/2950159,
https://edition-humboldt.de/H0016442,#AVHR,http://d-nb.info/gnd/118755234,Adolph von Schlagintweit,http://d-nb.info/gnd/118554700,Alexander von Humboldt,1856-06-15,,
https://edition-humboldt.de/H0016533,#AVHR,http://d-nb.info/gnd/118529250,Christian Gottfried Ehrenberg,http://d-nb.info/gnd/118554700,Alexander von Humboldt,1856-08-03,http://sws.geonames.org/2950159,
https://edition-humboldt.de/H0016706,#AVHR,http://d-nb.info/gnd/118554700,Alexander von Humboldt,http://d-nb.info/gnd/118529250,Christian Gottfried Ehrenberg,1856-08-30,http://sws.geonames.org/2950159,
https://edition-humboldt.de/H0016478,#AVHR,http://d-nb.info/gnd/118554700,Alexander von Humboldt,http://d-nb.info/gnd/118529250,Christian Gottfried Ehrenberg,1856-09-09,http://sws.geonames.org/2950159,
https://edition-humboldt.de/H0016612,#AVHR,http://d-nb.info/gnd/118554700,Alexander von Humboldt,http://d-nb.info/gnd/118529250,Christian Gottfried Ehrenberg,1856-09-25,http://sws.geonames.org/2950159,
https://edition-humboldt.de/H0016455,#AVHR,http://d-nb.info/gnd/118795090,"Robert, Freiherr von Schlagintweit",http://d-nb.info/gnd/118554700,Alexander von Humboldt,1856-09-26,http://sws.geonames.org/1264976,Leh
https://edition-humboldt.de/H0016476,#AVHR,http://d-nb.info/gnd/118554700,Alexander von Humboldt,http://d-nb.info/gnd/118529250,Christian Gottfried Ehrenberg,1856-12-09,http://sws.geonames.org/2950159,
https://edition-humboldt.de/H0016446,#AVHR,http://d-nb.info/gnd/119074117,Hermann Schlagintweit-Sakünlünski,http://d-nb.info/gnd/118554700,Alexander von Humboldt,1856-12-11,,
https://edition-humboldt.de/H0019128,#AVHR,http://d-nb.info/gnd/119074117,Hermann Schlagintweit-Sakünlünski,http://d-nb.info/gnd/118554700,Alexander von Humboldt,1856-12-27,http://sws.geonames.org/1172451,Lahore
https://edition-humboldt.de/H0016490,#AVHR,http://d-nb.info/gnd/118554700,Alexander von Humboldt,http://d-nb.info/gnd/118529250,Christian Gottfried Ehrenberg,1857-01-28,http://sws.geonames.org/2950159,
https://edition-humboldt.de/H0016705,#AVHR,http://d-nb.info/gnd/118554700,Alexander von Humboldt,http://d-nb.info/gnd/118529250,Christian Gottfried Ehrenberg,1857-02-07,http://sws.geonames.org/2950159,
https://edition-humboldt.de/H0016464,#AVHR,http://d-nb.info/gnd/119074117,Hermann Schlagintweit-Sakünlünski,http://d-nb.info/gnd/118554700,Alexander von Humboldt,1857-03-07,,
https://edition-humboldt.de/H0016564,#AVHR,http://d-nb.info/gnd/118529250,Christian Gottfried Ehrenberg,http://d-nb.info/gnd/118554700,Alexander von Humboldt,1857-03-10,http://sws.geonames.org/2950159,
https://edition-humboldt.de/H0016489,#AVHR,http://d-nb.info/gnd/118554700,Alexander von Humboldt,http://d-nb.info/gnd/118529250,Christian Gottfried Ehrenberg,1857-04-16,http://sws.geonames.org/2950159,
https://edition-humboldt.de/H0019123,#AVHR,http://d-nb.info/gnd/119074117,Hermann Schlagintweit-Sakünlünski,http://d-nb.info/gnd/118554700,Alexander von Humboldt,1857-06-08,http://sws.geonames.org/3165185,Triest
https://edition-humboldt.de/H0016447,#AVHR,http://d-nb.info/gnd/119074117,Hermann Schlagintweit-Sakünlünski,http://d-nb.info/gnd/118554700,Alexander von Humboldt,1857-06-17,http://sws.geonames.org/2950159,
https://edition-humboldt.de/H0016436,#AVHR,http://d-nb.info/gnd/118554700,Alexander von Humboldt,http://d-nb.info/gnd/118535994,"Friedrich Wilhelm IV., König von Preußen",1857-06-20,http://sws.geonames.org/2950159,
https://edition-humboldt.de/H0016435,#AVHR,http://d-nb.info/gnd/118554700,Alexander von Humboldt,http://d-nb.info/gnd/118535994,"Friedrich Wilhelm IV., König von Preußen",1857-07-31,,
https://edition-humboldt.de/H0016488,#AVHR,http://d-nb.info/gnd/118554700,Alexander von Humboldt,http://d-nb.info/gnd/118529250,Christian Gottfried Ehrenberg,1857-09-22,http://sws.geonames.org/2950159,
https://edition-humboldt.de/H0016495,#AVHR,http://d-nb.info/gnd/118554700,Alexander von Humboldt,http://d-nb.info/gnd/118529250,Christian Gottfried Ehrenberg,1857-10-02,http://sws.geonames.org/2950159,
https://edition-humboldt.de/H0016484,#AVHR,http://d-nb.info/gnd/118554700,Alexander von Humboldt,http://d-nb.info/gnd/118529250,Christian Gottfried Ehrenberg,1857-11-14,http://sws.geonames.org/2852458,Potsdam
https://edition-humboldt.de/H0016466,#AVHR,http://d-nb.info/gnd/118554700,Alexander von Humboldt,http://d-nb.info/gnd/119074117,Hermann Schlagintweit-Sakünlünski,1857-12-01,http://sws.geonames.org/2852458,Potsdam
https://edition-humboldt.de/H0016483,#AVHR,http://d-nb.info/gnd/118554700,Alexander von Humboldt,http://d-nb.info/gnd/118529250,Christian Gottfried Ehrenberg,1858-01-01,http://sws.geonames.org/2950159,
https://edition-humboldt.de/H0016445,#AVHR,http://d-nb.info/gnd/118795090,"Robert, Freiherr von Schlagintweit",http://d-nb.info/gnd/118554700,Alexander von Humboldt,1858-01-04,http://sws.geonames.org/2950159,
https://edition-humboldt.de/H0016479,#AVHR,http://d-nb.info/gnd/118554700,Alexander von Humboldt,http://d-nb.info/gnd/118529250,Christian Gottfried Ehrenberg,1858-01-08,http://sws.geonames.org/2950159,
https://edition-humboldt.de/H0016449,#AVHR,http://d-nb.info/gnd/118795090,"Robert, Freiherr von Schlagintweit",http://d-nb.info/gnd/118554700,Alexander von Humboldt,1858-02-12,http://sws.geonames.org/2950159,
https://edition-humboldt.de/H0017988,#AVHR,http://d-nb.info/gnd/118554700,Alexander von Humboldt,http://d-nb.info/gnd/118795090,"Robert, Freiherr von Schlagintweit",1858-03-05,http://sws.geonames.org/2950159,
https://edition-humboldt.de/H0016532,#AVHR,http://d-nb.info/gnd/118529250,Christian Gottfried Ehrenberg,http://d-nb.info/gnd/118554700,Alexander von Humboldt,1858-03-25,http://sws.geonames.org/2950159,
https://edition-humboldt.de/H0017987,#AVHR,http://d-nb.info/gnd/118795090,"Robert, Freiherr von Schlagintweit",http://d-nb.info/gnd/118554700,Alexander von Humboldt,1858-04-14,http://sws.geonames.org/2812482,Weimar
https://edition-humboldt.de/H0016492,#AVHR,http://d-nb.info/gnd/118554700,Alexander von Humboldt,http://d-nb.info/gnd/118529250,Christian Gottfried Ehrenberg,1858-05-02,http://sws.geonames.org/2950159,
https://edition-humboldt.de/H0016480,#AVHR,http://d-nb.info/gnd/118554700,Alexander von Humboldt,http://d-nb.info/gnd/118529250,Christian Gottfried Ehrenberg,1858-05-03,http://sws.geonames.org/2950159,
https://edition-humboldt.de/H0016537,#AVHR,http://d-nb.info/gnd/118529250,Christian Gottfried Ehrenberg,http://d-nb.info/gnd/118554700,Alexander von Humboldt,1858-05-07,http://sws.geonames.org/2950159,
https://edition-humboldt.de/H0016457,#AVHR,http://d-nb.info/gnd/118795090,"Robert, Freiherr von Schlagintweit",http://d-nb.info/gnd/118554700,Alexander von Humboldt,1858-05-19,http://sws.geonames.org/2643743,London
https://edition-humboldt.de/H0016521,#AVHR,http://d-nb.info/gnd/118529250,Christian Gottfried Ehrenberg,http://d-nb.info/gnd/118554700,Alexander von Humboldt,1858-06-21,http://sws.geonames.org/2950159,
https://edition-humboldt.de/H0016437,#AVHR,http://d-nb.info/gnd/119074117,Hermann Schlagintweit-Sakünlünski,http://d-nb.info/gnd/118554700,Alexander von Humboldt,1858-07-21,http://sws.geonames.org/2643743,London
https://edition-humboldt.de/H0016444,#AVHR,http://d-nb.info/gnd/119074117,Hermann Schlagintweit-Sakünlünski,http://d-nb.info/gnd/118554700,Alexander von Humboldt,1858-07-22,http://sws.geonames.org/2643743,London
https://edition-humboldt.de/H0019129,#AVHR,http://d-nb.info/gnd/118554700,Alexander von Humboldt,http://d-nb.info/gnd/118795090,"Robert, Freiherr von Schlagintweit",1858-10-04,http://sws.geonames.org/2950159,
https://edition-humboldt.de/H0016494,#AVHR,http://d-nb.info/gnd/118554700,Alexander von Humboldt,http://d-nb.info/gnd/118529250,Christian Gottfried Ehrenberg,1858-12-27,http://sws.geonames.org/2950159,
https://edition-humboldt.de/H0016565,#AVHR,http://d-nb.info/gnd/118529250,Christian Gottfried Ehrenberg,http://d-nb.info/gnd/118554700,Alexander von Humboldt,1858-12-28,http://sws.geonames.org/2950159,
https://edition-humboldt.de/H0016451,#AVHR,http://d-nb.info/gnd/119074117,Hermann Schlagintweit-Sakünlünski,http://d-nb.info/gnd/118554700,Alexander von Humboldt,1859-03-20,http://sws.geonames.org/2950159,
https://edition-humboldt.de/H0016467,#AVHR,http://d-nb.info/gnd/119074117,Hermann Schlagintweit-Sakünlünski,http://d-nb.info/gnd/118554700,Alexander von Humboldt,1859-03-20,http://sws.geonames.org/2950159,
https://edition-humboldt.de/H0016438,#AVHR,http://d-nb.info/gnd/119074117,Hermann Schlagintweit-Sakünlünski,http://d-nb.info/gnd/118554700,Alexander von Humboldt,1859-03-24,http://sws.geonames.org/2950159,
https://edition-humboldt.de/H0016454,#AVHR,http://d-nb.info/gnd/119074117,Hermann Schlagintweit-Sakünlünski,http://d-nb.info/gnd/118554700,Alexander von Humboldt,1859-03-26,http://sws.geonames.org/2950159,
https://edition-humboldt.de/H0016460,#AVHR,http://d-nb.info/gnd/118554700,Alexander von Humboldt,http://d-nb.info/gnd/119074117,Hermann Schlagintweit-Sakünlünski,1859-04-02,http://sws.geonames.org/2950159,
https://edition-humboldt.de/H0016496,#AVHR,http://d-nb.info/gnd/118554700,Alexander von Humboldt,http://d-nb.info/gnd/118529250,Christian Gottfried Ehrenberg,1859-04-16,http://sws.geonames.org/2950159,
